case_id,split,source_phase,target_phase,ssim,ncc,source_shape,target_shape,issue
1.2.840.113619.2.278.3.717616.215.1582589428.278,train,non-contrast,arterial,0.6822581092666113,0.8846872538324237,"(283, 151, 185)","(283, 151, 185)",ok
1.2.840.113619.2.278.3.717616.215.1582589428.278,train,non-contrast,venous,0.7037123892186987,0.8907959974515963,"(283, 151, 185)","(283, 151, 185)",ok
1.2.840.113619.2.278.3.717616.259.1592554936.606,train,non-contrast,arterial,0.7400433167100294,0.9614201562546956,"(247, 140, 176)","(247, 140, 176)",ok
1.2.840.113619.2.278.3.717616.259.1592554936.606,train,non-contrast,venous,0.5537616174120191,0.877116708021369,"(247, 140, 176)","(247, 140, 176)",ok
1.2.840.113619.2.278.3.717616.260.1578649323.62,train,non-contrast,arterial,0.6617192698617493,0.8861800439798365,"(285, 148, 194)","(285, 148, 194)",ok
1.2.840.113619.2.278.3.717616.260.1578649323.62,train,non-contrast,venous,0.8350929425746513,0.9739432179286218,"(285, 148, 194)","(285, 148, 194)",ok
1.2.840.113619.2.278.3.717616.286.1587944966.506,train,non-contrast,venous,0.7145574959768669,0.8934964755716882,"(251, 149, 179)","(251, 149, 179)",ok
1.2.840.113619.2.278.3.717616.286.1587944966.506,train,non-contrast,arterial,0.6377788834051542,0.9013865250643429,"(251, 149, 179)","(251, 149, 179)",ok
1.2.840.113619.2.278.3.717616.286.1593493292.675,train,non-contrast,arterial,0.7230674134190733,0.8353777808859876,"(279, 167, 205)","(279, 167, 205)",ok
1.2.840.113619.2.278.3.717616.286.1593493292.675,train,non-contrast,venous,0.6943360038053947,0.7770653929301291,"(279, 167, 205)","(279, 167, 205)",ok
1.2.840.113619.2.359.3.2831208971.165.1590622402.677,train,non-contrast,venous,0.6513857843248572,0.8611563788803694,"(225, 140, 181)","(225, 140, 181)",ok
1.2.840.113619.2.359.3.2831208971.165.1590622402.677,train,non-contrast,arterial,0.3338369179208389,0.5064457943492072,"(225, 140, 181)","(225, 140, 181)",low_similarity
1.2.840.113619.2.278.3.717616.239.1576237169.526,train,non-contrast,venous,0.609034567905551,0.7521753918782986,"(304, 171, 206)","(304, 171, 206)",ok
1.2.840.113619.2.278.3.717616.239.1576237169.526,train,non-contrast,arterial,0.6255109987727295,0.7698739740347826,"(304, 171, 206)","(304, 171, 206)",ok
1.2.840.113619.2.278.3.717616.249.1585713643.237,train,non-contrast,venous,0.6129343462026855,0.8200775658782729,"(242, 145, 184)","(242, 145, 184)",ok
1.2.840.113619.2.278.3.717616.249.1585713643.237,train,non-contrast,arterial,0.6122904394770553,0.8124687130457027,"(242, 145, 184)","(242, 145, 184)",ok
1.2.840.113619.2.278.3.717616.306.1582703613.411,train,non-contrast,arterial,0.6165087094580757,0.8604244074121448,"(268, 154, 197)","(268, 154, 197)",ok
1.2.840.113619.2.278.3.717616.306.1582703613.411,train,non-contrast,venous,0.693869128164735,0.926800401231748,"(268, 154, 197)","(268, 154, 197)",ok
1.2.840.113619.2.278.3.717616.260.1578649367.247,train,non-contrast,arterial,0.7775776581448125,0.9642992973458087,"(259, 142, 191)","(259, 142, 191)",ok
1.2.840.113619.2.278.3.717616.260.1578649367.247,train,non-contrast,venous,0.5599968438220133,0.8682170018564497,"(259, 142, 191)","(259, 142, 191)",ok
1.2.840.113619.2.278.3.717616.204.1584947881.751,train,non-contrast,arterial,0.653043669454269,0.7742281614650417,"(259, 156, 195)","(259, 156, 195)",ok
1.2.840.113619.2.278.3.717616.204.1584947881.751,train,non-contrast,venous,0.7355675806532456,0.8501846601746884,"(259, 156, 195)","(259, 156, 195)",ok
1.2.840.113619.2.278.3.717616.551.1589814093.67,train,non-contrast,venous,0.733490255176531,0.8040361802687179,"(270, 159, 194)","(270, 159, 194)",ok
1.2.840.113619.2.278.3.717616.551.1589814093.67,train,non-contrast,arterial,0.5444198210432718,0.6923150116565657,"(270, 159, 194)","(270, 159, 194)",ok
1.2.840.113619.2.359.3.2831208971.47.1588634888.707,train,non-contrast,other,0.5588021782262209,0.5986740178657877,"(296, 146, 198)","(296, 146, 198)",ok
1.2.840.113619.2.359.3.2831208971.47.1588634888.707,train,non-contrast,arterial,0.4937513177315337,0.5399740103617147,"(296, 146, 198)","(296, 146, 198)",ok
1.2.840.113619.2.359.3.2831208971.47.1588634888.707,train,non-contrast,venous,0.5979026787042531,0.6678010511306827,"(296, 146, 198)","(296, 146, 198)",ok
1.2.840.113619.2.278.3.717616.306.1582703645.873,train,non-contrast,venous,0.7109352811673063,0.8301884907959337,"(250, 133, 165)","(250, 133, 165)",ok
1.2.840.113619.2.278.3.717616.306.1582703645.873,train,non-contrast,arterial,0.7088423304255846,0.8134608852916833,"(250, 133, 165)","(250, 133, 165)",ok
1.2.840.113619.2.278.3.717616.259.1592554917.92,train,non-contrast,arterial,0.4762472182809721,0.7623286905263769,"(264, 146, 182)","(264, 146, 182)",ok
1.2.840.113619.2.278.3.717616.259.1592554917.92,train,non-contrast,venous,0.588191583364347,0.8288898433225782,"(264, 146, 182)","(264, 146, 182)",ok
1.2.840.113619.2.278.3.717616.259.1592554945.3,train,non-contrast,venous,0.7198968685289026,0.8998406371244545,"(273, 145, 189)","(273, 145, 189)",ok
1.2.840.113619.2.278.3.717616.259.1592554945.3,train,non-contrast,arterial,0.7948703934120792,0.9585892303184403,"(273, 145, 189)","(273, 145, 189)",ok
1.2.840.113619.2.278.3.717616.260.1578649330.227,train,non-contrast,arterial,0.5762985056141546,0.8643716532501285,"(276, 164, 194)","(276, 164, 194)",ok
1.2.840.113619.2.278.3.717616.260.1578649330.227,train,non-contrast,venous,0.6910086737241283,0.9166391315544559,"(276, 164, 194)","(276, 164, 194)",ok
1.2.840.113619.2.278.3.717616.306.1582703629.833,train,non-contrast,venous,0.6632351888404326,0.884704317040932,"(262, 153, 188)","(262, 153, 188)",ok
1.2.840.113619.2.278.3.717616.306.1582703629.833,train,non-contrast,arterial,0.6321395592328749,0.8761183608939478,"(262, 153, 188)","(262, 153, 188)",ok
1.2.840.113619.2.278.3.717616.249.1585713672.454,train,non-contrast,arterial,0.2202683306074164,0.24470865894542176,"(287, 145, 193)","(287, 145, 193)",low_similarity
1.2.840.113619.2.278.3.717616.249.1585713672.454,train,non-contrast,venous,0.6405105782540759,0.8398544687842444,"(287, 145, 193)","(287, 145, 193)",ok
1.2.840.113619.2.278.3.717616.202.1592287876.601,train,non-contrast,arterial,0.5938080146567875,0.8620626117333805,"(273, 153, 193)","(273, 153, 193)",ok
1.2.840.113619.2.278.3.717616.202.1592287876.601,train,non-contrast,venous,0.639011999635209,0.8461874493149981,"(273, 153, 193)","(273, 153, 193)",ok
1.2.840.113619.2.278.3.717616.306.1582703649.869,train,non-contrast,venous,0.7568271903789194,0.8655689555661856,"(262, 159, 192)","(262, 159, 192)",ok
1.2.840.113619.2.278.3.717616.306.1582703649.869,train,non-contrast,arterial,0.7243950266290891,0.8392582942081598,"(262, 159, 192)","(262, 159, 192)",ok
1.2.392.200036.9116.2.5.1.37.2418751871.1574734831.134817,train,non-contrast,venous,0.8430337568340924,0.9628919954532055,"(416, 150, 208)","(416, 150, 208)",ok
1.2.392.200036.9116.2.5.1.37.2418751871.1574734831.134817,train,non-contrast,arterial,0.6274407201661707,0.8381874803179565,"(416, 150, 208)","(416, 150, 208)",ok
1.2.840.113619.2.359.3.2831208971.19.1592781847.229,train,non-contrast,venous,0.7268034804012883,0.7247315392991143,"(282, 157, 201)","(282, 157, 201)",ok
1.2.840.113619.2.359.3.2831208971.19.1592781847.229,train,non-contrast,arterial,0.32054048658727785,0.40150395453299137,"(282, 157, 201)","(282, 157, 201)",low_similarity
1.2.840.113619.2.359.3.2831208971.19.1592781847.229,train,non-contrast,other,0.3416615150280046,0.3769696113070999,"(282, 157, 201)","(282, 157, 201)",low_similarity
1.2.840.113619.2.278.3.717616.249.1585713639.107,train,non-contrast,venous,0.5850534282110521,0.8094561510900601,"(254, 138, 164)","(254, 138, 164)",ok
1.2.840.113619.2.278.3.717616.249.1585713639.107,train,non-contrast,arterial,0.5619748266155759,0.8252831385431756,"(254, 138, 164)","(254, 138, 164)",ok
1.2.840.113619.2.278.3.717616.204.1584947888.428,train,non-contrast,arterial,0.6068524353402833,0.8691433173497509,"(242, 157, 185)","(242, 157, 185)",ok
1.2.840.113619.2.278.3.717616.204.1584947888.428,train,non-contrast,venous,0.7472512801443648,0.9522813545656555,"(242, 157, 185)","(242, 157, 185)",ok
1.2.840.113619.2.278.3.717616.166.1580339212.908,train,non-contrast,arterial,0.6293206007348886,0.8645242313336535,"(272, 142, 185)","(272, 142, 185)",ok
1.2.840.113619.2.278.3.717616.166.1580339212.908,train,non-contrast,venous,0.09204946577113089,-0.037530569281911993,"(272, 142, 185)","(272, 142, 185)",low_similarity
1.2.392.200036.9116.2.5.1.37.2418751871.1574048385.958233,train,non-contrast,arterial,0.48638259709290405,0.7463690596236717,"(253, 171, 209)","(253, 171, 209)",ok
1.2.392.200036.9116.2.5.1.37.2418751871.1574048385.958233,train,non-contrast,venous,0.24962261054667687,0.5146231022305037,"(253, 171, 209)","(253, 171, 209)",low_similarity
1.2.840.113619.2.359.3.2831208971.846.1591140723.79,train,non-contrast,venous,0.7559331744681751,0.7844620260666348,"(271, 165, 204)","(271, 165, 204)",ok
1.2.840.113619.2.359.3.2831208971.846.1591140723.79,train,non-contrast,other,0.5130249637786305,0.633732581625754,"(271, 165, 204)","(271, 165, 204)",ok
1.2.840.113619.2.359.3.2831208971.846.1591140723.79,train,non-contrast,arterial,0.48810947227940354,0.43257018356035787,"(271, 165, 204)","(271, 165, 204)",ok
1.2.840.113619.2.359.3.2831208971.207.1576792853.630,train,non-contrast,venous,0.7145922510500895,0.7843203860385375,"(257, 147, 200)","(257, 147, 200)",ok
1.2.840.113619.2.359.3.2831208971.207.1576792853.630,train,non-contrast,other,0.29401808688573167,0.34064462547342605,"(257, 147, 200)","(257, 147, 200)",low_similarity
1.2.840.113619.2.359.3.2831208971.207.1576792853.630,train,non-contrast,arterial,0.25494811797621747,0.2902018194069439,"(257, 147, 200)","(257, 147, 200)",low_similarity
1.2.840.113619.2.278.3.717616.166.1580339213.591,train,non-contrast,venous,0.8424390238812596,0.8316389893912985,"(293, 163, 197)","(293, 163, 197)",ok
1.2.840.113619.2.278.3.717616.338.1594256103.303,train,non-contrast,venous,0.64908089991123,0.8609652853467473,"(257, 151, 159)","(257, 151, 159)",ok
1.2.840.113619.2.278.3.717616.338.1594256103.303,train,non-contrast,arterial,0.5534448034173864,0.8321740959295901,"(257, 151, 159)","(257, 151, 159)",ok
1.2.840.113619.2.278.3.717616.286.1593493295.610,train,non-contrast,arterial,0.4372987514144627,0.6038933602115615,"(267, 183, 209)","(267, 183, 209)",low_similarity
1.2.840.113619.2.278.3.717616.286.1593493295.610,train,non-contrast,venous,0.7917768626315641,0.8065176304502323,"(267, 183, 209)","(267, 183, 209)",ok
1.2.840.113619.2.359.3.2831208971.102.1580775830.218,train,non-contrast,arterial,0.40763616370076966,0.48172592718885887,"(272, 160, 200)","(272, 160, 200)",low_similarity
1.2.840.113619.2.359.3.2831208971.102.1580775830.218,train,non-contrast,venous,0.8428189390444807,0.8066741843285348,"(272, 160, 200)","(272, 160, 200)",ok
1.2.840.113619.2.359.3.2831208971.102.1580775830.218,train,non-contrast,other,0.4041231891965579,-0.008487265659535859,"(272, 160, 200)","(272, 160, 200)",low_similarity
1.2.840.113619.2.278.3.717616.310.1589696975.113,train,non-contrast,arterial,0.8307632206519056,0.9450757222494299,"(276, 130, 190)","(276, 130, 190)",ok
1.2.840.113619.2.278.3.717616.310.1589696975.113,train,non-contrast,venous,0.5408302675852523,0.7799081642215315,"(276, 130, 190)","(276, 130, 190)",ok
1.2.840.113619.2.359.3.2831208971.298.1585268502.426,train,non-contrast,arterial,0.4276804809833852,0.3801717658736838,"(292, 169, 208)","(292, 169, 208)",low_similarity
1.2.840.113619.2.359.3.2831208971.298.1585268502.426,train,non-contrast,venous,0.7833064037409568,0.708621583075365,"(292, 169, 208)","(292, 169, 208)",ok
1.2.840.113619.2.359.3.2831208971.298.1585268502.426,train,non-contrast,other,0.4995753318642541,0.5392608599053943,"(292, 169, 208)","(292, 169, 208)",ok
1.2.840.113619.2.278.3.717616.286.1587944978.934,train,non-contrast,arterial,0.7709398748681834,0.9472846403396904,"(276, 155, 192)","(276, 155, 192)",ok
1.2.840.113619.2.278.3.717616.286.1587944978.934,train,non-contrast,venous,0.5371793820484718,0.8259916076808548,"(276, 155, 192)","(276, 155, 192)",ok
1.2.840.113619.2.278.3.717616.249.1585713663.100,train,non-contrast,arterial,0.7195068987940323,0.6495171007554712,"(295, 152, 197)","(295, 152, 197)",ok
1.2.840.113619.2.278.3.717616.249.1585713663.100,train,non-contrast,venous,0.751661265550345,0.7140363808078066,"(295, 152, 197)","(295, 152, 197)",ok
1.2.840.113619.2.278.3.717616.166.1580339230.481,train,non-contrast,arterial,0.6157084835639995,0.8774531498600611,"(251, 142, 177)","(251, 142, 177)",ok
1.2.840.113619.2.278.3.717616.166.1580339230.481,train,non-contrast,venous,0.5564974157591165,0.8490674849030434,"(251, 142, 177)","(251, 142, 177)",ok
1.2.840.113619.2.278.3.717616.166.1580339218.937,train,non-contrast,venous,0.6535572307684014,0.8134101428853293,"(285, 154, 203)","(285, 154, 203)",ok
1.2.840.113619.2.278.3.717616.166.1580339218.937,train,non-contrast,arterial,0.7381204048039598,0.8926699144948576,"(285, 154, 203)","(285, 154, 203)",ok
1.2.840.113619.2.278.3.717616.260.1578649359.241,train,non-contrast,venous,0.49749478449205464,0.7223820486476732,"(239, 145, 193)","(239, 145, 193)",ok
1.2.840.113619.2.278.3.717616.260.1578649359.241,train,non-contrast,arterial,0.5940310258510737,0.8233617849752923,"(239, 145, 193)","(239, 145, 193)",ok
1.2.840.113619.2.278.3.717616.204.1584947890.185,train,non-contrast,venous,0.8439393269959657,0.8664340459258699,"(270, 149, 192)","(270, 149, 192)",ok
1.2.840.113619.2.278.3.717616.204.1584947890.185,train,non-contrast,arterial,0.7858230905631536,0.8666417354563569,"(270, 149, 192)","(270, 149, 192)",ok
1.2.840.113619.2.278.3.717616.286.1593493267.487,train,non-contrast,arterial,0.8416021865596711,0.9369786488614666,"(265, 130, 178)","(265, 130, 178)",ok
1.2.840.113619.2.278.3.717616.286.1593493267.487,train,non-contrast,venous,0.6051706530417177,0.8269942150861429,"(265, 130, 178)","(265, 130, 178)",ok
1.2.840.113619.2.278.3.717616.260.1578649343.978,train,non-contrast,venous,0.4997216029810711,0.8086257412118496,"(229, 130, 166)","(229, 130, 166)",ok
1.2.840.113619.2.278.3.717616.260.1578649343.978,train,non-contrast,arterial,0.788115869220631,0.9708405509354497,"(229, 130, 166)","(229, 130, 166)",ok
1.2.840.113619.2.278.3.717616.286.1587944975.372,train,non-contrast,venous,0.866776776098912,0.9576779272855394,"(288, 159, 203)","(288, 159, 203)",ok
1.2.840.113619.2.278.3.717616.286.1587944975.372,train,non-contrast,arterial,0.7884965150715566,0.9309687400039784,"(288, 159, 203)","(288, 159, 203)",ok
1.2.840.113619.2.278.3.717616.338.1594256032.507,train,non-contrast,venous,0.8547199522451606,0.9198292487295703,"(311, 132, 182)","(311, 132, 182)",ok
1.2.840.113619.2.278.3.717616.338.1594256032.507,train,non-contrast,arterial,0.7585215878793161,0.8720127222350845,"(311, 132, 182)","(311, 132, 182)",ok
1.2.840.113619.2.278.3.717616.228.1585527919.20,train,non-contrast,arterial,0.7654392467708421,0.9430181037393922,"(276, 149, 200)","(276, 149, 200)",ok
1.2.840.113619.2.278.3.717616.228.1585527919.20,train,non-contrast,venous,0.7348839219984481,0.9243070555928987,"(276, 149, 200)","(276, 149, 200)",ok
1.2.840.113619.2.278.3.717616.202.1592287871.359,train,non-contrast,arterial,0.7691496993211112,0.8580954740068109,"(280, 164, 196)","(280, 164, 196)",ok
1.2.840.113619.2.278.3.717616.202.1592287871.359,train,non-contrast,venous,0.8511717362916575,0.9471086144371649,"(280, 164, 196)","(280, 164, 196)",ok
1.2.840.113619.2.278.3.717616.202.1592287881.707,train,non-contrast,arterial,0.7242897797524432,0.7821338299169944,"(292, 160, 202)","(292, 160, 202)",ok
1.2.840.113619.2.278.3.717616.202.1592287881.707,train,non-contrast,venous,0.7211561345564946,0.8647133795047852,"(292, 160, 202)","(292, 160, 202)",ok
1.2.840.113619.2.359.3.2831208971.265.1578356510.134,train,non-contrast,arterial,0.3092601781861614,0.31964503975880054,"(278, 162, 209)","(278, 162, 209)",low_similarity
1.2.840.113619.2.359.3.2831208971.265.1578356510.134,train,non-contrast,venous,0.6325682769437658,0.7393742901517861,"(278, 162, 209)","(278, 162, 209)",ok
1.2.840.113619.2.359.3.2831208971.265.1578356510.134,train,non-contrast,other,0.2765359503827239,0.2599487359357112,"(278, 162, 209)","(278, 162, 209)",low_similarity
1.2.392.200036.9116.2.5.1.37.2418751871.1574736893.449879,train,non-contrast,arterial,0.6037361446795196,0.8758237741337263,"(448, 143, 209)","(448, 143, 209)",ok
1.2.392.200036.9116.2.5.1.37.2418751871.1574736893.449879,train,non-contrast,venous,0.5388513293571391,0.7260922340695463,"(448, 143, 209)","(448, 143, 209)",ok
1.2.840.113619.2.278.3.717616.306.1582703614.364,train,non-contrast,arterial,0.6889881549994143,0.9348558600316459,"(274, 143, 185)","(274, 143, 185)",ok
1.2.840.113619.2.278.3.717616.306.1582703614.364,train,non-contrast,venous,0.7057381140423936,0.9238525504426145,"(274, 143, 185)","(274, 143, 185)",ok
1.2.840.113619.2.359.3.2831208971.49.1557878721.790,train,non-contrast,venous,0.6987337054615346,0.8118313315932596,"(272, 153, 198)","(272, 153, 198)",ok
1.2.840.113619.2.359.3.2831208971.49.1557878721.790,train,non-contrast,other,0.28075577513023986,0.3946488951407191,"(272, 153, 198)","(272, 153, 198)",low_similarity
1.2.840.113619.2.359.3.2831208971.49.1557878721.790,train,non-contrast,arterial,0.3613109810603725,0.4637052136612397,"(272, 153, 198)","(272, 153, 198)",low_similarity
1.2.840.113619.2.278.3.717616.204.1584947875.688,train,non-contrast,arterial,0.6905123752424496,0.7878896621983995,"(246, 159, 211)","(246, 159, 211)",ok
1.2.840.113619.2.278.3.717616.204.1584947875.688,train,non-contrast,venous,0.7256338662259808,0.9076261508033552,"(246, 159, 211)","(246, 159, 211)",ok
1.2.840.113619.2.278.3.717616.259.1592554882.977,train,non-contrast,arterial,0.792657379915168,0.9118360078496714,"(258, 160, 200)","(258, 160, 200)",ok
1.2.840.113619.2.278.3.717616.259.1592554882.977,train,non-contrast,venous,0.6139740513691934,0.8203941553929239,"(258, 160, 200)","(258, 160, 200)",ok
1.2.840.113619.2.278.3.717616.259.1592554937.154,train,non-contrast,arterial,0.6969995125931259,0.8169697758388047,"(271, 164, 198)","(271, 164, 198)",ok
1.2.840.113619.2.278.3.717616.259.1592554937.154,train,non-contrast,venous,0.7215094579324582,0.8607126944472281,"(271, 164, 198)","(271, 164, 198)",ok
1.2.840.113619.2.278.3.717616.260.1578649381.693,train,non-contrast,venous,0.7663716621814202,0.9420036552170787,"(272, 153, 200)","(272, 153, 200)",ok
1.2.840.113619.2.278.3.717616.260.1578649381.693,train,non-contrast,arterial,0.5280203240762827,0.8116016490094923,"(272, 153, 200)","(272, 153, 200)",ok
1.2.840.113619.2.359.3.2831208971.114.1571963005.297,train,non-contrast,venous,0.8291744334586337,0.8766827568917026,"(269, 150, 192)","(269, 150, 192)",ok
1.2.840.113619.2.359.3.2831208971.114.1571963005.297,train,non-contrast,other,0.13928521624357276,0.2756876270340252,"(269, 150, 192)","(269, 150, 192)",low_similarity
1.2.840.113619.2.359.3.2831208971.114.1571963005.297,train,non-contrast,arterial,0.5620595519268712,0.676256267973458,"(269, 150, 192)","(269, 150, 192)",ok
1.2.840.113619.2.278.3.717616.249.1585713660.403,train,non-contrast,venous,0.6404447225487696,0.8714105564654802,"(248, 126, 170)","(248, 126, 170)",ok
1.2.840.113619.2.278.3.717616.249.1585713660.403,train,non-contrast,arterial,0.6395324474070448,0.9085833049327684,"(248, 126, 170)","(248, 126, 170)",ok
1.2.840.113619.2.278.3.717616.286.1593493269.25,train,non-contrast,venous,0.7100360594348184,0.8795508392351529,"(240, 145, 168)","(240, 145, 168)",ok
1.2.840.113619.2.278.3.717616.286.1593493269.25,train,non-contrast,arterial,0.6275697383020405,0.829703103327031,"(240, 145, 168)","(240, 145, 168)",ok
1.2.840.113619.2.359.3.2831208971.234.1583108506.652,train,non-contrast,other,0.39575800277508094,0.3433930578333736,"(272, 145, 176)","(272, 145, 176)",low_similarity
1.2.840.113619.2.359.3.2831208971.234.1583108506.652,train,non-contrast,venous,0.8577994977120047,0.9768783697334025,"(272, 145, 176)","(272, 145, 176)",ok
1.2.840.113619.2.359.3.2831208971.234.1583108506.652,train,non-contrast,arterial,0.4184096488917065,0.4529906710704317,"(272, 145, 176)","(272, 145, 176)",low_similarity
1.2.840.113619.2.278.3.717616.228.1585527923.702,train,non-contrast,venous,0.7288919754409797,0.8193582525953726,"(300, 139, 195)","(300, 139, 195)",ok
1.2.840.113619.2.278.3.717616.228.1585527923.702,train,non-contrast,arterial,0.7215508436826774,0.821030109588645,"(300, 139, 195)","(300, 139, 195)",ok
1.2.840.113619.2.278.3.717616.249.1585713649.466,train,non-contrast,venous,0.807095522507882,0.9452939920780661,"(237, 137, 174)","(237, 137, 174)",ok
1.2.840.113619.2.278.3.717616.249.1585713649.466,train,non-contrast,arterial,0.590157883451493,0.8476632024359688,"(237, 137, 174)","(237, 137, 174)",ok
1.2.840.113619.2.278.3.717616.286.1587944978.649,train,non-contrast,venous,0.7436589715565832,0.8057909557762029,"(273, 169, 204)","(273, 169, 204)",ok
1.2.840.113619.2.278.3.717616.286.1587944978.649,train,non-contrast,arterial,0.7284427319772606,0.788047674757997,"(273, 169, 204)","(273, 169, 204)",ok
1.2.840.113619.2.278.3.717616.551.1589814118.933,train,non-contrast,arterial,0.8462846946970541,0.9589677114798458,"(254, 158, 200)","(254, 158, 200)",ok
1.2.840.113619.2.278.3.717616.551.1589814118.933,train,non-contrast,venous,0.798929069688752,0.9178262750951802,"(254, 158, 200)","(254, 158, 200)",ok
1.2.840.113619.2.359.3.2831208971.102.1580775832.66,train,non-contrast,venous,0.5978509042539455,0.708509636442306,"(278, 162, 191)","(278, 162, 191)",ok
1.2.840.113619.2.359.3.2831208971.102.1580775832.66,train,non-contrast,other,0.17258149562587308,0.07981192000771525,"(278, 162, 191)","(278, 162, 191)",low_similarity
1.2.840.113619.2.359.3.2831208971.102.1580775832.66,train,non-contrast,arterial,0.1632413752921963,0.04473142773912163,"(278, 162, 191)","(278, 162, 191)",low_similarity
1.2.840.113619.2.278.3.717616.166.1580339223.956,train,non-contrast,venous,0.7391363271159951,0.9351897652908597,"(290, 169, 193)","(290, 169, 193)",ok
1.2.840.113619.2.278.3.717616.166.1580339223.956,train,non-contrast,arterial,0.6448317417891799,0.8620191944532651,"(290, 169, 193)","(290, 169, 193)",ok
1.2.840.113619.2.278.3.717616.260.1578649418.868,train,non-contrast,arterial,0.3820517934469736,0.3629371904763018,"(320, 170, 211)","(320, 170, 211)",low_similarity
1.2.840.113619.2.278.3.717616.260.1578649418.868,train,non-contrast,venous,0.9033600771939163,0.9441869997642112,"(320, 170, 211)","(320, 170, 211)",ok
1.2.840.113619.2.278.3.717616.202.1592287879.955,train,non-contrast,venous,0.5370813704973958,0.7836158570595524,"(236, 153, 199)","(236, 153, 199)",ok
1.2.840.113619.2.278.3.717616.202.1592287879.955,train,non-contrast,arterial,0.5915633001783908,0.8250090304426554,"(236, 153, 199)","(236, 153, 199)",ok
1.2.840.113619.2.359.3.2831208971.52.1577664888.632,train,non-contrast,other,0.5413534901350179,0.6219856348421943,"(262, 149, 191)","(262, 149, 191)",ok
1.2.840.113619.2.359.3.2831208971.52.1577664888.632,train,non-contrast,venous,0.6932062115694415,0.7935710443771277,"(262, 149, 191)","(262, 149, 191)",ok
1.2.840.113619.2.359.3.2831208971.52.1577664888.632,train,non-contrast,arterial,0.5789109172887498,0.6572199775974334,"(262, 149, 191)","(262, 149, 191)",ok
1.2.392.200036.9116.2.5.1.37.2418751871.1574308298.505216,train,non-contrast,venous,0.7577878261258284,0.9603190928400043,"(411, 156, 182)","(411, 156, 182)",ok
1.2.392.200036.9116.2.5.1.37.2418751871.1574308298.505216,train,non-contrast,arterial,0.6359093076079951,0.9133928156498448,"(411, 156, 182)","(411, 156, 182)",ok
1.2.840.113619.2.278.3.717616.259.1592554911.88,train,non-contrast,arterial,0.8400665880062335,0.9110243829153672,"(306, 164, 196)","(306, 164, 196)",ok
1.2.840.113619.2.278.3.717616.259.1592554911.88,train,non-contrast,venous,0.7451188367246367,0.8407858306610437,"(306, 164, 196)","(306, 164, 196)",ok
1.2.840.113619.2.278.3.717616.204.1584947883.344,train,non-contrast,venous,0.6931177521017622,0.7682833887563236,"(284, 161, 214)","(284, 161, 214)",ok
1.2.840.113619.2.278.3.717616.204.1584947883.344,train,non-contrast,arterial,0.7652185901885799,0.8366077524930237,"(284, 161, 214)","(284, 161, 214)",ok
1.2.840.113619.2.278.3.717616.286.1593493300.681,train,non-contrast,venous,0.6931640850813432,0.8868152963561695,"(252, 120, 171)","(252, 120, 171)",ok
1.2.840.113619.2.278.3.717616.286.1593493300.681,train,non-contrast,arterial,0.3896578388068179,0.4876811090942633,"(252, 120, 171)","(252, 120, 171)",low_similarity
1.2.840.113619.2.278.3.717616.306.1582703663.824,train,non-contrast,arterial,0.7868429971694273,0.9598149904691633,"(262, 140, 181)","(262, 140, 181)",ok
1.2.840.113619.2.278.3.717616.306.1582703663.824,train,non-contrast,venous,0.664939492367383,0.9052863806513292,"(262, 140, 181)","(262, 140, 181)",ok
1.2.840.113619.2.278.3.717616.286.1587944966.46,train,non-contrast,arterial,0.6805988757650413,0.8791457393018023,"(271, 157, 201)","(271, 157, 201)",ok
1.2.840.113619.2.278.3.717616.286.1587944966.46,train,non-contrast,venous,0.8072606750309822,0.9594759912648527,"(271, 157, 201)","(271, 157, 201)",ok
1.2.840.113619.2.278.3.717616.286.1587944967.557,train,non-contrast,arterial,0.6654397135052973,0.8941417563129945,"(285, 158, 185)","(285, 158, 185)",ok
1.2.840.113619.2.278.3.717616.286.1587944967.557,train,non-contrast,venous,0.716528110422733,0.8895839064459992,"(285, 158, 185)","(285, 158, 185)",ok
1.2.840.113619.2.359.3.2831208971.27.1589930824.148,train,non-contrast,venous,0.6956211051070622,0.7678245615894438,"(294, 162, 212)","(294, 162, 212)",ok
1.2.840.113619.2.359.3.2831208971.27.1589930824.148,train,non-contrast,other,0.3990250799708196,0.3839247415182229,"(294, 162, 212)","(294, 162, 212)",low_similarity
1.2.840.113619.2.359.3.2831208971.27.1589930824.148,train,non-contrast,arterial,0.26152349721471235,0.3390989153843077,"(294, 162, 212)","(294, 162, 212)",low_similarity
1.2.840.113619.2.278.3.717616.239.1576237085.40,train,non-contrast,venous,0.6300219273272891,0.8042292640198125,"(255, 136, 187)","(255, 136, 187)",ok
1.2.840.113619.2.278.3.717616.239.1576237085.40,train,non-contrast,arterial,0.6631060995880984,0.8587453002490528,"(255, 136, 187)","(255, 136, 187)",ok
1.2.840.113619.2.278.3.717616.239.1576237179.120,train,non-contrast,arterial,0.7335303157877032,0.938957819288962,"(304, 134, 192)","(304, 134, 192)",ok
1.2.840.113619.2.278.3.717616.239.1576237179.120,train,non-contrast,venous,0.6009425374934372,0.8909412511045017,"(304, 134, 192)","(304, 134, 192)",ok
1.2.840.113619.2.278.3.717616.260.1578649386.487,train,non-contrast,venous,0.7279175188595407,0.938184082909847,"(265, 143, 184)","(265, 143, 184)",ok
1.2.840.113619.2.278.3.717616.260.1578649386.487,train,non-contrast,arterial,0.6610420566124019,0.8337375424476805,"(265, 143, 184)","(265, 143, 184)",ok
1.2.840.113619.2.278.3.717616.306.1582703645.511,train,non-contrast,venous,0.771713971390211,0.9549397406431369,"(231, 111, 151)","(231, 111, 151)",ok
1.2.840.113619.2.278.3.717616.306.1582703645.511,train,non-contrast,arterial,0.5898894106830672,0.8793957966209469,"(231, 111, 151)","(231, 111, 151)",ok
1.2.840.113619.2.278.3.717616.286.1587944983.828,train,non-contrast,venous,0.6166461797016309,0.8637604560632995,"(229, 141, 178)","(229, 141, 178)",ok
1.2.840.113619.2.278.3.717616.286.1587944983.828,train,non-contrast,arterial,0.663378043969048,0.8964308835300775,"(229, 141, 178)","(229, 141, 178)",ok
1.2.840.113619.2.278.3.717616.204.1584947859.517,train,non-contrast,venous,0.7436718286095858,0.9173339883590911,"(240, 132, 170)","(240, 132, 170)",ok
1.2.840.113619.2.278.3.717616.204.1584947859.517,train,non-contrast,arterial,0.6062858791748841,0.840317670231568,"(240, 132, 170)","(240, 132, 170)",ok
1.2.840.113619.2.278.3.717616.286.1587944984.611,train,non-contrast,arterial,0.44988523616058435,0.8465861507204219,"(232, 121, 165)","(232, 121, 165)",low_similarity
1.2.840.113619.2.278.3.717616.286.1587944984.611,train,non-contrast,venous,0.6637073197875794,0.8991885309953099,"(232, 121, 165)","(232, 121, 165)",ok
1.2.840.113619.2.278.3.717616.228.1585527924.199,train,non-contrast,arterial,0.684188392749003,0.8086938384734366,"(268, 140, 197)","(268, 140, 197)",ok
1.2.840.113619.2.278.3.717616.228.1585527924.199,train,non-contrast,venous,0.8351719175408506,0.9043012510951935,"(268, 140, 197)","(268, 140, 197)",ok
1.2.840.113619.2.278.3.717616.259.1592554897.97,train,non-contrast,arterial,0.7974644554138185,0.8326582871050713,"(288, 156, 196)","(288, 156, 196)",ok
1.2.840.113619.2.278.3.717616.259.1592554897.97,train,non-contrast,venous,0.7922952002257946,0.8396080769750291,"(288, 156, 196)","(288, 156, 196)",ok
1.2.840.113619.2.359.3.2831208971.163.1572480858.906,train,non-contrast,arterial,0.4276960991995777,0.41647297977646797,"(252, 133, 191)","(252, 133, 191)",low_similarity
1.2.840.113619.2.359.3.2831208971.163.1572480858.906,train,non-contrast,venous,0.7561373179590762,0.801792873929899,"(252, 133, 191)","(252, 133, 191)",ok
1.2.840.113619.2.359.3.2831208971.134.1574466852.398,train,non-contrast,arterial,0.39998546137399965,0.4767567463726861,"(269, 154, 210)","(269, 154, 210)",low_similarity
1.2.840.113619.2.359.3.2831208971.134.1574466852.398,train,non-contrast,venous,0.7045541194010043,0.9031701466225645,"(269, 154, 210)","(269, 154, 210)",ok
1.2.840.113619.2.278.3.717616.260.1578649372.302,train,non-contrast,venous,0.796946114298963,0.8923461308671431,"(274, 154, 199)","(274, 154, 199)",ok
1.2.840.113619.2.278.3.717616.260.1578649372.302,train,non-contrast,arterial,0.7697685427153458,0.8658818729271062,"(274, 154, 199)","(274, 154, 199)",ok
1.2.840.113619.2.278.3.717616.259.1592554905.716,train,non-contrast,venous,0.7479639273514768,0.8789473239190059,"(276, 136, 166)","(276, 136, 166)",ok
1.2.840.113619.2.278.3.717616.259.1592554905.716,train,non-contrast,arterial,0.586175941259907,0.8288541253272852,"(276, 136, 166)","(276, 136, 166)",ok
1.2.392.200036.9116.2.5.1.37.2418751871.1574652927.757399,train,non-contrast,arterial,0.7542412966799869,0.9449202799168521,"(411, 139, 192)","(411, 139, 192)",ok
1.2.392.200036.9116.2.5.1.37.2418751871.1574652927.757399,train,non-contrast,venous,0.8054121138799648,0.945096086829533,"(411, 139, 192)","(411, 139, 192)",ok
1.2.840.113619.2.278.3.717616.166.1580339224.657,train,non-contrast,venous,0.5136869492298951,0.8411208036723318,"(267, 155, 190)","(267, 155, 190)",ok
1.2.840.113619.2.278.3.717616.166.1580339224.657,train,non-contrast,arterial,0.8508530793616345,0.971834236779166,"(267, 155, 190)","(267, 155, 190)",ok
1.2.840.113619.2.359.3.2831208971.114.1571703288.442,train,non-contrast,venous,0.6263971993579249,0.7955040093596298,"(263, 137, 175)","(263, 137, 175)",ok
1.2.840.113619.2.359.3.2831208971.114.1571703288.442,train,non-contrast,arterial,0.26039676256234995,0.2374771130197438,"(263, 137, 175)","(263, 137, 175)",low_similarity
1.2.840.113619.2.359.3.2831208971.992.1592264343.741,train,non-contrast,venous,0.6934178808402788,0.6569126311868405,"(275, 171, 207)","(275, 171, 207)",ok
1.2.840.113619.2.359.3.2831208971.992.1592264343.741,train,non-contrast,other,0.17042180328765483,-0.007133335876658489,"(275, 171, 207)","(275, 171, 207)",low_similarity
1.2.840.113619.2.359.3.2831208971.992.1592264343.741,train,non-contrast,arterial,0.41369753407552545,0.08746173625425971,"(275, 171, 207)","(275, 171, 207)",low_similarity
1.2.840.113619.2.359.3.2831208971.130.1572394495.871,train,non-contrast,other,0.2579807513734772,0.11625135806112855,"(254, 148, 191)","(254, 148, 191)",low_similarity
1.2.840.113619.2.359.3.2831208971.130.1572394495.871,train,non-contrast,arterial,0.26067833024243925,0.18930503346948158,"(254, 148, 191)","(254, 148, 191)",low_similarity
1.2.840.113619.2.359.3.2831208971.130.1572394495.871,train,non-contrast,venous,0.6838216259641398,0.7088103669175259,"(254, 148, 191)","(254, 148, 191)",ok
1.2.840.113619.2.278.3.717616.286.1593493249.833,train,non-contrast,venous,0.6103416548719216,0.8599007456688759,"(266, 143, 201)","(266, 143, 201)",ok
1.2.840.113619.2.278.3.717616.286.1593493249.833,train,non-contrast,arterial,0.6322561651151368,0.8624244456529551,"(266, 143, 201)","(266, 143, 201)",ok
1.2.840.113619.2.278.3.717616.260.1578649371.734,train,non-contrast,venous,0.7045770243760481,0.784056115968846,"(292, 165, 204)","(292, 165, 204)",ok
1.2.840.113619.2.278.3.717616.260.1578649371.734,train,non-contrast,arterial,0.7576254050828479,0.8840253046877967,"(292, 165, 204)","(292, 165, 204)",ok
1.2.840.113619.2.278.3.717616.260.1578649416.931,train,non-contrast,venous,0.6347925487602817,0.7017857467964133,"(279, 181, 178)","(279, 181, 178)",ok
1.2.840.113619.2.278.3.717616.260.1578649416.931,train,non-contrast,arterial,0.7667820424104365,0.8344757124665767,"(279, 181, 178)","(279, 181, 178)",ok
1.2.840.113619.2.278.3.717616.286.1593493262.858,val,non-contrast,venous,0.7765738895494898,0.8838185741239247,"(270, 171, 198)","(270, 171, 198)",ok
1.2.840.113619.2.278.3.717616.286.1593493262.858,val,non-contrast,arterial,0.7947980401662582,0.9063039528897547,"(270, 171, 198)","(270, 171, 198)",ok
1.2.840.113619.2.278.3.717616.260.1578649380.289,val,non-contrast,arterial,0.8567968783749459,0.9559374586032676,"(255, 159, 181)","(255, 159, 181)",ok
1.2.840.113619.2.278.3.717616.260.1578649380.289,val,non-contrast,venous,0.5721530466128107,0.8385973246691132,"(255, 159, 181)","(255, 159, 181)",ok
1.2.392.200036.9116.2.5.1.37.2418751871.1574651082.95426,val,non-contrast,arterial,0.7168756682433581,0.9135782213844994,"(427, 148, 187)","(427, 148, 187)",ok
1.2.392.200036.9116.2.5.1.37.2418751871.1574651082.95426,val,non-contrast,venous,0.486519474267893,0.7397229937414525,"(427, 148, 187)","(427, 148, 187)",ok
1.2.840.113619.2.278.3.717616.260.1578649417.892,val,non-contrast,venous,0.7586177669854532,0.8706411619160865,"(290, 142, 199)","(290, 142, 199)",ok
1.2.840.113619.2.278.3.717616.260.1578649417.892,val,non-contrast,arterial,0.8025576636074241,0.9273213431795458,"(290, 142, 199)","(290, 142, 199)",ok
1.2.840.113619.2.359.3.2831208971.849.1570580228.36,val,non-contrast,venous,0.626335609173051,0.7837855565259728,"(219, 155, 175)","(219, 155, 175)",ok
1.2.840.113619.2.359.3.2831208971.849.1570580228.36,val,non-contrast,other,0.5065162731470643,0.5935181505057199,"(219, 155, 175)","(219, 155, 175)",ok
1.2.840.113619.2.359.3.2831208971.849.1570580228.36,val,non-contrast,arterial,0.21039749340795622,0.27429996969873577,"(219, 155, 175)","(219, 155, 175)",low_similarity
1.2.840.113619.2.278.3.717616.323.1577925255.997,val,non-contrast,venous,0.4777650404093937,0.7866868527173689,"(248, 139, 180)","(248, 139, 180)",ok
1.2.840.113619.2.278.3.717616.323.1577925255.997,val,non-contrast,arterial,0.6828450413865244,0.8893710348845104,"(248, 139, 180)","(248, 139, 180)",ok
1.2.840.113619.2.278.3.717616.306.1582703665.824,val,non-contrast,arterial,0.7140007788484274,0.9310105442966148,"(249, 136, 183)","(249, 136, 183)",ok
1.2.840.113619.2.278.3.717616.306.1582703665.824,val,non-contrast,venous,0.6452762409342984,0.8886570799974838,"(249, 136, 183)","(249, 136, 183)",ok
1.2.840.113619.2.278.3.717616.286.1593493317.912,val,non-contrast,venous,0.6300724481092537,0.9054885112786721,"(270, 152, 188)","(270, 152, 188)",ok
1.2.840.113619.2.278.3.717616.286.1593493317.912,val,non-contrast,arterial,0.713579655026587,0.9417750169922824,"(270, 152, 188)","(270, 152, 188)",ok
1.2.840.113619.2.359.3.2831208971.164.1590190851.643,val,non-contrast,arterial,0.3429307606907586,0.3251629345576299,"(267, 162, 185)","(267, 162, 185)",low_similarity
1.2.840.113619.2.359.3.2831208971.164.1590190851.643,val,non-contrast,venous,0.8162616993861025,0.7471603099077408,"(267, 162, 185)","(267, 162, 185)",ok
1.2.840.113619.2.278.3.717616.166.1580339223.519,val,non-contrast,venous,0.7590308073252717,0.9393545151512901,"(272, 151, 189)","(272, 151, 189)",ok
1.2.840.113619.2.278.3.717616.166.1580339223.519,val,non-contrast,arterial,0.5478016933067793,0.8398953436820229,"(272, 151, 189)","(272, 151, 189)",ok
1.2.840.113619.2.278.3.717616.259.1592554937.658,val,non-contrast,arterial,0.7734385946487311,0.9604568650106649,"(263, 142, 175)","(263, 142, 175)",ok
1.2.840.113619.2.278.3.717616.259.1592554937.658,val,non-contrast,venous,0.7775963412608788,0.959707270935169,"(263, 142, 175)","(263, 142, 175)",ok
1.2.840.113619.2.359.3.2831208971.125.1572221105.250,val,non-contrast,venous,0.7005230706633022,0.7027838786861992,"(280, 143, 196)","(280, 143, 196)",ok
1.2.840.113619.2.359.3.2831208971.125.1572221105.250,val,non-contrast,arterial,0.2165601872788469,0.2254720109649543,"(280, 143, 196)","(280, 143, 196)",low_similarity
1.2.840.113619.2.278.3.717616.286.1593493297.670,val,non-contrast,arterial,0.894022911325194,0.9762845827617717,"(257, 149, 190)","(257, 149, 190)",ok
1.2.840.113619.2.278.3.717616.286.1593493297.670,val,non-contrast,venous,0.6516220860442726,0.8998560403820941,"(257, 149, 190)","(257, 149, 190)",ok
1.2.840.113619.2.278.3.717616.306.1582703674.772,val,non-contrast,arterial,0.7025003742207215,0.90006516602115,"(284, 147, 168)","(284, 147, 168)",ok
1.2.840.113619.2.278.3.717616.306.1582703674.772,val,non-contrast,venous,0.6459452690053797,0.8558803676149402,"(284, 147, 168)","(284, 147, 168)",ok
1.2.840.113619.2.278.3.717616.202.1592287869.821,val,non-contrast,arterial,0.5291622735418596,0.8012045270569843,"(266, 138, 184)","(266, 138, 184)",ok
1.2.840.113619.2.278.3.717616.202.1592287869.821,val,non-contrast,venous,0.5127913514299912,0.7842325056807182,"(266, 138, 184)","(266, 138, 184)",ok
1.2.840.113619.2.278.3.717616.306.1582703623.307,val,non-contrast,arterial,0.7987518673975419,0.9728554042569939,"(269, 145, 187)","(269, 145, 187)",ok
1.2.840.113619.2.278.3.717616.306.1582703623.307,val,non-contrast,venous,0.6730421937670484,0.8986784657726063,"(269, 145, 187)","(269, 145, 187)",ok
1.2.840.113619.2.278.3.717616.239.1576237164.135,val,non-contrast,arterial,0.7669718294009782,0.9100312917046443,"(265, 136, 184)","(265, 136, 184)",ok
1.2.840.113619.2.278.3.717616.239.1576237164.135,val,non-contrast,venous,0.5806816922888952,0.8304964695038468,"(265, 136, 184)","(265, 136, 184)",ok
1.2.840.113619.2.278.3.717616.228.1585527915.93,val,non-contrast,venous,0.7243774238429943,0.9301920536368552,"(260, 151, 192)","(260, 151, 192)",ok
1.2.840.113619.2.278.3.717616.228.1585527915.93,val,non-contrast,arterial,0.8287421385523304,0.9610394510727304,"(260, 151, 192)","(260, 151, 192)",ok
1.2.840.113619.2.278.3.717616.306.1582703665.23,val,non-contrast,venous,0.5810790176324612,0.8915438707160674,"(271, 135, 192)","(271, 135, 192)",ok
1.2.840.113619.2.278.3.717616.306.1582703665.23,val,non-contrast,arterial,0.5272906273201732,0.8468277883580992,"(271, 135, 192)","(271, 135, 192)",ok
1.2.840.113619.2.359.3.2831208971.86.1583974413.503,val,non-contrast,venous,0.9085314184982751,0.8998918393379125,"(243, 138, 195)","(243, 138, 195)",ok
1.2.840.113619.2.359.3.2831208971.86.1583974413.503,val,non-contrast,arterial,0.2963803120927421,0.3473874966616235,"(243, 138, 195)","(243, 138, 195)",low_similarity
1.2.840.113619.2.278.3.717616.249.1585713656.349,val,non-contrast,venous,0.686774870386262,0.9152286660982012,"(286, 161, 192)","(286, 161, 192)",ok
1.2.840.113619.2.278.3.717616.249.1585713656.349,val,non-contrast,arterial,0.7975328873734124,0.9496116036885862,"(286, 161, 192)","(286, 161, 192)",ok
1.2.840.113619.2.278.3.717616.306.1582703661.35,test,non-contrast,arterial,0.6453230078351841,0.9191565455567202,"(267, 151, 183)","(267, 151, 183)",ok
1.2.840.113619.2.278.3.717616.306.1582703661.35,test,non-contrast,venous,0.6398321675567354,0.9274575475870863,"(267, 151, 183)","(267, 151, 183)",ok
1.2.840.113619.2.278.3.717616.204.1584947878.721,test,non-contrast,arterial,0.7495750384252616,0.9600122638244546,"(255, 124, 173)","(255, 124, 173)",ok
1.2.840.113619.2.278.3.717616.204.1584947878.721,test,non-contrast,venous,0.39284515410577264,0.6641107405705482,"(255, 124, 173)","(255, 124, 173)",low_similarity
1.2.840.113619.2.278.3.717616.286.1587944978.330,test,non-contrast,venous,0.5703568649884484,0.7655065077985828,"(242, 123, 165)","(242, 123, 165)",ok
1.2.840.113619.2.278.3.717616.286.1587944978.330,test,non-contrast,arterial,0.15303277033710824,0.09271217820352168,"(242, 123, 165)","(242, 123, 165)",low_similarity
1.2.840.113619.2.359.3.2831208971.294.1582849361.600,test,non-contrast,arterial,0.14286861843573445,0.09539701549982758,"(257, 139, 183)","(257, 139, 183)",low_similarity
1.2.840.113619.2.359.3.2831208971.294.1582849361.600,test,non-contrast,other,0.18996615542157308,0.13549260730402632,"(257, 139, 183)","(257, 139, 183)",low_similarity
1.2.840.113619.2.359.3.2831208971.294.1582849361.600,test,non-contrast,venous,0.5789252733152799,0.6864154179864204,"(257, 139, 183)","(257, 139, 183)",ok
1.2.840.113619.2.278.3.717616.306.1582703630.242,test,non-contrast,venous,0.5749636157403328,0.8703658337009699,"(260, 132, 173)","(260, 132, 173)",ok
1.2.840.113619.2.278.3.717616.306.1582703630.242,test,non-contrast,arterial,0.44829862052510333,0.631481279761922,"(260, 132, 173)","(260, 132, 173)",low_similarity
1.2.840.113619.2.359.3.2831208971.225.1582503716.763,test,non-contrast,other,0.3126094212060333,0.2701634066608613,"(265, 155, 190)","(265, 155, 190)",low_similarity
1.2.840.113619.2.359.3.2831208971.225.1582503716.763,test,non-contrast,arterial,0.36904914959103785,0.40416900818516116,"(265, 155, 190)","(265, 155, 190)",low_similarity
1.2.840.113619.2.359.3.2831208971.225.1582503716.763,test,non-contrast,venous,0.7266596227301984,0.769582311858745,"(265, 155, 190)","(265, 155, 190)",ok
1.2.840.113619.2.278.3.717616.249.1585713650.578,test,non-contrast,arterial,0.5352125323863095,0.8381350973815621,"(260, 141, 181)","(260, 141, 181)",ok
1.2.840.113619.2.278.3.717616.249.1585713650.578,test,non-contrast,venous,0.5952570894610975,0.8878057380187883,"(260, 141, 181)","(260, 141, 181)",ok
1.2.840.113619.2.278.3.717616.286.1587944968.878,test,non-contrast,arterial,0.7410159532623757,0.8285324671224995,"(289, 156, 209)","(289, 156, 209)",ok
1.2.840.113619.2.278.3.717616.286.1587944968.878,test,non-contrast,venous,0.7867548501205363,0.8958360154575857,"(289, 156, 209)","(289, 156, 209)",ok
1.2.840.113619.2.359.3.2831208971.27.1557706776.428,test,non-contrast,venous,0.6553702831784557,0.7607605116329034,"(262, 139, 181)","(262, 139, 181)",ok
1.2.840.113619.2.359.3.2831208971.27.1557706776.428,test,non-contrast,other,0.5550660006999537,0.6467455587743711,"(262, 139, 181)","(262, 139, 181)",ok
1.2.840.113619.2.359.3.2831208971.27.1557706776.428,test,non-contrast,arterial,0.4573422513039165,0.5295050027148713,"(262, 139, 181)","(262, 139, 181)",ok
1.2.840.113619.2.278.3.717616.259.1592554922.726,test,non-contrast,venous,0.5931649404568655,0.7758986206745744,"(255, 136, 191)","(255, 136, 191)",ok
1.2.840.113619.2.278.3.717616.259.1592554922.726,test,non-contrast,arterial,0.7676065443590531,0.9018905622634852,"(255, 136, 191)","(255, 136, 191)",ok
1.2.840.113619.2.359.3.2831208971.265.1590967284.608,test,non-contrast,arterial,0.5790084237470339,0.6617112816989783,"(269, 137, 184)","(269, 137, 184)",ok
1.2.840.113619.2.359.3.2831208971.265.1590967284.608,test,non-contrast,other,0.5027854393554556,0.5305935728730317,"(269, 137, 184)","(269, 137, 184)",ok
1.2.840.113619.2.359.3.2831208971.265.1590967284.608,test,non-contrast,venous,0.8357607337758661,0.9065217630252681,"(269, 137, 184)","(269, 137, 184)",ok
1.2.840.113619.2.278.3.717616.259.1592554905.422,test,non-contrast,arterial,0.800249735095413,0.9244716072208128,"(287, 162, 209)","(287, 162, 209)",ok
1.2.840.113619.2.278.3.717616.259.1592554905.422,test,non-contrast,venous,0.7387681794971395,0.8771647994436578,"(287, 162, 209)","(287, 162, 209)",ok
1.2.840.113619.2.278.3.717616.286.1593493314.315,test,non-contrast,venous,0.6103797303900744,0.8847474061036473,"(249, 137, 168)","(249, 137, 168)",ok
1.2.840.113619.2.278.3.717616.286.1593493314.315,test,non-contrast,arterial,0.4999574492759719,0.7855098632943325,"(249, 137, 168)","(249, 137, 168)",ok
1.2.840.113619.2.359.3.2831208971.881.1583886732.445,test,non-contrast,venous,0.6405718865165688,0.7575067720312606,"(268, 140, 166)","(268, 140, 166)",ok
1.2.840.113619.2.359.3.2831208971.881.1583886732.445,test,non-contrast,arterial,0.22952845368350405,0.3699624501879346,"(268, 140, 166)","(268, 140, 166)",low_similarity
1.2.840.113619.2.359.3.2831208971.881.1583886732.445,test,non-contrast,other,0.2507562324458385,0.2624498753259032,"(268, 140, 166)","(268, 140, 166)",low_similarity
1.2.840.113619.2.278.3.717616.259.1592554916.256,test,non-contrast,venous,0.8400192827773598,0.9446193680121946,"(294, 157, 206)","(294, 157, 206)",ok
1.2.840.113619.2.278.3.717616.259.1592554916.256,test,non-contrast,arterial,0.7949852489149136,0.8716260455859919,"(294, 157, 206)","(294, 157, 206)",ok
1.2.840.113619.2.278.3.717616.259.1592554893.267,test,non-contrast,venous,0.6081497170918968,0.7372968871746534,"(300, 154, 204)","(300, 154, 204)",ok
1.2.840.113619.2.278.3.717616.259.1592554893.267,test,non-contrast,arterial,0.5843117834073812,0.7403901566490528,"(300, 154, 204)","(300, 154, 204)",ok
1.2.840.113619.2.278.3.717616.249.1585713641.286,test,non-contrast,venous,0.701380714410206,0.7405927162077268,"(302, 163, 208)","(302, 163, 208)",ok
1.2.840.113619.2.278.3.717616.249.1585713641.286,test,non-contrast,arterial,0.6527837329942212,0.7207720813366779,"(302, 163, 208)","(302, 163, 208)",ok
1.2.840.113619.2.278.3.717616.239.1576237177.531,test,non-contrast,venous,0.7009783277288859,0.8763858656346413,"(223, 131, 179)","(223, 131, 179)",ok
1.2.840.113619.2.278.3.717616.239.1576237177.531,test,non-contrast,arterial,0.7106036258123477,0.9079068868203194,"(223, 131, 179)","(223, 131, 179)",ok
1.2.840.113619.2.278.3.717616.286.1593493320.133,test,non-contrast,arterial,0.6233005986053402,0.8534898238262526,"(284, 152, 194)","(284, 152, 194)",ok
1.2.840.113619.2.278.3.717616.286.1593493320.133,test,non-contrast,venous,0.7671979784174696,0.8893869158827794,"(284, 152, 194)","(284, 152, 194)",ok
1.2.840.113619.2.278.3.717616.286.1593493247.138,test,non-contrast,arterial,0.6320604288603542,0.6729436486978506,"(331, 143, 200)","(331, 143, 200)",ok
1.2.840.113619.2.278.3.717616.286.1593493247.138,test,non-contrast,venous,0.6483635963059435,0.6826238844482355,"(331, 143, 200)","(331, 143, 200)",ok
1.2.840.113619.2.278.3.717616.202.1592287875.688,test,non-contrast,venous,0.5731511508079874,0.8535472801851022,"(231, 146, 183)","(231, 146, 183)",ok
1.2.840.113619.2.278.3.717616.202.1592287875.688,test,non-contrast,arterial,0.4193655476076662,0.7153566635765757,"(231, 146, 183)","(231, 146, 183)",low_similarity
1.2.840.113619.2.278.3.717616.286.1587944973.161,test,non-contrast,venous,0.668953183302278,0.9377115438702773,"(259, 151, 185)","(259, 151, 185)",ok
1.2.840.113619.2.278.3.717616.286.1587944973.161,test,non-contrast,arterial,0.6482783872900176,0.9238389802654995,"(259, 151, 185)","(259, 151, 185)",ok
